validation_level,splits,ari_mean,ari_median,ari_min,aligned_accuracy_mean,aligned_accuracy_min,balanced_accuracy_mean,semantic_mae_mean,semantic_profile_correlation_mean,splits_recovering_all_reference_profiles,ari_10th_percentile,aligned_accuracy_median,recordings_with_ari_below_0_60,recordings_with_ari_at_least_0_80
leave_one_city_out,4,0.8533331876056702,0.8808772219312926,0.6858025445729005,0.9319908850878256,0.835199076745528,0.9162192952563917,0.183149306026871,0.8736108816819046,4.0,,,,
leave_one_recording_out,56,0.9688951123191982,0.9774252873617206,0.608220368450737,0.9883766566131824,,0.9806850577194367,0.2888218115731825,0.7917433600923582,,0.9485474853493481,0.9916037469845547,0.0,55.0
