profile_id,profile_name,tianjin_trajectories,violations,violation_rate,violation_rate_pct,wilson_95_lower,wilson_95_upper,relative_to_overall
1,Smooth and Steady,2527,91,0.036011080332409975,3.6011080332409975,0.02942238340405992,0.04400831616543875,1.1828857039624234
2,Stop-and-Go,1127,11,0.009760425909494233,0.9760425909494232,0.005458704109446194,0.017392827039441002,0.320608772809691
3,Dynamic Speed Adjustment,633,26,0.04107424960505529,4.107424960505529,0.02818209945857534,0.05950292488657579,1.3491998076790988
4,Acceleration-Intensive,246,10,0.04065040650406504,4.0650406504065035,0.0222279043323029,0.07319844697556643,1.3352774832096146
